{
  "items": {
    "Joja Cola": {
      "code": 717000,
      "classification": "filler"
    },
    "Rusty Key": {
      "code": 717015,
      "classification": "progression"
    },
    "Dwarvish Translation Guide": {
      "code": 717016,
      "classification": "progression"
    },
    "Bridge Repair": {
      "code": 717017,
      "classification": "progression"
    },
    "Greenhouse": {
      "code": 717018,
      "classification": "progression"
    },
    "Glittering Boulder Removed": {
      "code": 717019,
      "classification": "progression"
    },
    "Minecarts Repair": {
      "code": 717020,
      "classification": "useful"
    },
    "Bus Repair": {
      "code": 717021,
      "classification": "progression"
    },
    "Progressive Movie Theater": {
      "code": 717022,
      "classification": "progression"
    },
    "Stardrop": {
      "code": 717023,
      "classification": "progression"
    },
    "Progressive Backpack": {
      "code": 717024,
      "classification": "progression"
    },
    "Rusty Sword": {
      "code": 717025,
      "classification": "filler"
    },
    "Leather Boots": {
      "code": 717026,
      "classification": "filler"
    },
    "Work Boots": {
      "code": 717027,
      "classification": "filler"
    },
    "Wooden Blade": {
      "code": 717028,
      "classification": "filler"
    },
    "Iron Dirk": {
      "code": 717029,
      "classification": "filler"
    },
    "Wind Spire": {
      "code": 717030,
      "classification": "filler"
    },
    "Femur": {
      "code": 717031,
      "classification": "filler"
    },
    "Steel Smallsword": {
      "code": 717032,
      "classification": "filler"
    },
    "Wood Club": {
      "code": 717033,
      "classification": "filler"
    },
    "Elf Blade": {
      "code": 717034,
      "classification": "filler"
    },
    "Slingshot": {
      "code": 717037,
      "classification": "filler"
    },
    "Tundra Boots": {
      "code": 717038,
      "classification": "filler"
    },
    "Thermal Boots": {
      "code": 717039,
      "classification": "filler"
    },
    "Combat Boots": {
      "code": 717040,
      "classification": "filler"
    },
    "Silver Saber": {
      "code": 717041,
      "classification": "filler"
    },
    "Pirate's Sword": {
      "code": 717042,
      "classification": "filler"
    },
    "Crystal Dagger": {
      "code": 717043,
      "classification": "filler"
    },
    "Cutlass": {
      "code": 717044,
      "classification": "filler"
    },
    "Iron Edge": {
      "code": 717045,
      "classification": "filler"
    },
    "Burglar's Shank": {
      "code": 717046,
      "classification": "filler"
    },
    "Wood Mallet": {
      "code": 717047,
      "classification": "filler"
    },
    "Master Slingshot": {
      "code": 717048,
      "classification": "filler"
    },
    "Firewalker Boots": {
      "code": 717049,
      "classification": "filler"
    },
    "Dark Boots": {
      "code": 717050,
      "classification": "filler"
    },
    "Claymore": {
      "code": 717051,
      "classification": "filler"
    },
    "Templar's Blade": {
      "code": 717052,
      "classification": "filler"
    },
    "Kudgel": {
      "code": 717053,
      "classification": "filler"
    },
    "Shadow Dagger": {
      "code": 717054,
      "classification": "filler"
    },
    "Obsidian Edge": {
      "code": 717055,
      "classification": "filler"
    },
    "Tempered Broadsword": {
      "code": 717056,
      "classification": "filler"
    },
    "Wicked Kris": {
      "code": 717057,
      "classification": "filler"
    },
    "Bone Sword": {
      "code": 717058,
      "classification": "filler"
    },
    "Ossified Blade": {
      "code": 717059,
      "classification": "filler"
    },
    "Space Boots": {
      "code": 717060,
      "classification": "filler"
    },
    "Crystal Shoes": {
      "code": 717061,
      "classification": "filler"
    },
    "Steel Falchion": {
      "code": 717062,
      "classification": "filler"
    },
    "The Slammer": {
      "code": 717063,
      "classification": "filler"
    },
    "Skull Key": {
      "code": 717064,
      "classification": "progression"
    },
    "Progressive Hoe": {
      "code": 717065,
      "classification": "progression"
    },
    "Progressive Pickaxe": {
      "code": 717066,
      "classification": "progression"
    },
    "Progressive Axe": {
      "code": 717067,
      "classification": "progression"
    },
    "Progressive Watering Can": {
      "code": 717068,
      "classification": "progression"
    },
    "Progressive Trash Can": {
      "code": 717069,
      "classification": "progression"
    },
    "Progressive Fishing Rod": {
      "code": 717070,
      "classification": "progression"
    },
    "Golden Scythe": {
      "code": 717071,
      "classification": "useful"
    },
    "Progressive Mine Elevator": {
      "code": 717072,
      "classification": "progression"
    },
    "Farming Level": {
      "code": 717073,
      "classification": "progression"
    },
    "Fishing Level": {
      "code": 717074,
      "classification": "progression"
    },
    "Foraging Level": {
      "code": 717075,
      "classification": "progression"
    },
    "Mining Level": {
      "code": 717076,
      "classification": "progression"
    },
    "Combat Level": {
      "code": 717077,
      "classification": "progression"
    },
    "Earth Obelisk": {
      "code": 717078,
      "classification": "progression"
    },
    "Water Obelisk": {
      "code": 717079,
      "classification": "progression"
    },
    "Desert Obelisk": {
      "code": 717080,
      "classification": "progression"
    },
    "Island Obelisk": {
      "code": 717081,
      "classification": "progression"
    },
    "Junimo Hut": {
      "code": 717082,
      "classification": "useful"
    },
    "Gold Clock": {
      "code": 717083,
      "classification": "progression"
    },
    "Progressive Coop": {
      "code": 717084,
      "classification": "progression"
    },
    "Progressive Barn": {
      "code": 717085,
      "classification": "progression"
    },
    "Well": {
      "code": 717086,
      "classification": "useful"
    },
    "Silo": {
      "code": 717087,
      "classification": "progression"
    },
    "Mill": {
      "code": 717088,
      "classification": "progression"
    },
    "Progressive Shed": {
      "code": 717089,
      "classification": "progression"
    },
    "Fish Pond": {
      "code": 717090,
      "classification": "progression"
    },
    "Stable": {
      "code": 717091,
      "classification": "useful"
    },
    "Slime Hutch": {
      "code": 717092,
      "classification": "progression"
    },
    "Shipping Bin": {
      "code": 717093,
      "classification": "progression"
    },
    "Beach Bridge": {
      "code": 717094,
      "classification": "progression"
    },
    "Adventurer's Guild": {
      "code": 717095,
      "classification": "progression"
    },
    "Club Card": {
      "code": 717096,
      "classification": "progression"
    },
    "Magnifying Glass": {
      "code": 717097,
      "classification": "progression"
    },
    "Bear's Knowledge": {
      "code": 717098,
      "classification": "progression"
    },
    "Iridium Snake Milk": {
      "code": 717099,
      "classification": "useful"
    },
    "JotPK: Progressive Boots": {
      "code": 717100,
      "classification": "progression"
    },
    "JotPK: Progressive Gun": {
      "code": 717101,
      "classification": "progression"
    },
    "JotPK: Progressive Ammo": {
      "code": 717102,
      "classification": "progression"
    },
    "JotPK: Extra Life": {
      "code": 717103,
      "classification": "progression"
    },
    "JotPK: Increased Drop Rate": {
      "code": 717104,
      "classification": "progression"
    },
    "Junimo Kart: Extra Life": {
      "code": 717105,
      "classification": "progression"
    },
    "Galaxy Sword": {
      "code": 717106,
      "classification": "filler"
    },
    "Galaxy Dagger": {
      "code": 717107,
      "classification": "filler"
    },
    "Galaxy Hammer": {
      "code": 717108,
      "classification": "filler"
    },
    "Movement Speed Bonus": {
      "code": 717109,
      "classification": "progression"
    },
    "Luck Bonus": {
      "code": 717110,
      "classification": "progression"
    },
    "Lava Katana": {
      "code": 717111,
      "classification": "filler"
    },
    "Progressive House": {
      "code": 717112,
      "classification": "progression"
    },
    "Traveling Merchant: Sunday": {
      "code": 717113,
      "classification": "progression"
    },
    "Traveling Merchant: Monday": {
      "code": 717114,
      "classification": "progression"
    },
    "Traveling Merchant: Tuesday": {
      "code": 717115,
      "classification": "progression"
    },
    "Traveling Merchant: Wednesday": {
      "code": 717116,
      "classification": "progression"
    },
    "Traveling Merchant: Thursday": {
      "code": 717117,
      "classification": "progression"
    },
    "Traveling Merchant: Friday": {
      "code": 717118,
      "classification": "progression"
    },
    "Traveling Merchant: Saturday": {
      "code": 717119,
      "classification": "progression"
    },
    "Traveling Merchant Stock Size": {
      "code": 717120,
      "classification": "useful"
    },
    "Traveling Merchant Discount": {
      "code": 717121,
      "classification": "useful"
    },
    "Return Scepter": {
      "code": 717122,
      "classification": "useful"
    },
    "Progressive Season": {
      "code": 717123,
      "classification": "progression"
    },
    "Spring": {
      "code": 717124,
      "classification": "progression"
    },
    "Summer": {
      "code": 717125,
      "classification": "progression"
    },
    "Fall": {
      "code": 717126,
      "classification": "progression"
    },
    "Winter": {
      "code": 717127,
      "classification": "progression"
    },
    "Amaranth Seeds": {
      "code": 717128,
      "classification": "progression"
    },
    "Artichoke Seeds": {
      "code": 717129,
      "classification": "progression"
    },
    "Beet Seeds": {
      "code": 717130,
      "classification": "progression"
    },
    "Jazz Seeds": {
      "code": 717131,
      "classification": "progression"
    },
    "Blueberry Seeds": {
      "code": 717132,
      "classification": "progression"
    },
    "Bok Choy Seeds": {
      "code": 717133,
      "classification": "progression"
    },
    "Cauliflower Seeds": {
      "code": 717134,
      "classification": "progression"
    },
    "Corn Seeds": {
      "code": 717135,
      "classification": "progression"
    },
    "Cranberry Seeds": {
      "code": 717136,
      "classification": "progression"
    },
    "Eggplant Seeds": {
      "code": 717137,
      "classification": "progression"
    },
    "Fairy Seeds": {
      "code": 717138,
      "classification": "progression"
    },
    "Garlic Seeds": {
      "code": 717139,
      "classification": "progression"
    },
    "Grape Starter": {
      "code": 717140,
      "classification": "progression"
    },
    "Bean Starter": {
      "code": 717141,
      "classification": "progression"
    },
    "Hops Starter": {
      "code": 717142,
      "classification": "progression"
    },
    "Pepper Seeds": {
      "code": 717143,
      "classification": "progression"
    },
    "Kale Seeds": {
      "code": 717144,
      "classification": "progression"
    },
    "Melon Seeds": {
      "code": 717145,
      "classification": "progression"
    },
    "Parsnip Seeds": {
      "code": 717146,
      "classification": "progression"
    },
    "Poppy Seeds": {
      "code": 717147,
      "classification": "progression"
    },
    "Potato Seeds": {
      "code": 717148,
      "classification": "progression"
    },
    "Pumpkin Seeds": {
      "code": 717149,
      "classification": "progression"
    },
    "Radish Seeds": {
      "code": 717150,
      "classification": "progression"
    },
    "Red Cabbage Seeds": {
      "code": 717151,
      "classification": "progression"
    },
    "Rhubarb Seeds": {
      "code": 717152,
      "classification": "progression"
    },
    "Starfruit Seeds": {
      "code": 717153,
      "classification": "progression"
    },
    "Strawberry Seeds": {
      "code": 717154,
      "classification": "progression"
    },
    "Spangle Seeds": {
      "code": 717155,
      "classification": "progression"
    },
    "Sunflower Seeds": {
      "code": 717156,
      "classification": "progression"
    },
    "Tomato Seeds": {
      "code": 717157,
      "classification": "progression"
    },
    "Tulip Bulb": {
      "code": 717158,
      "classification": "progression"
    },
    "Rice Shoot": {
      "code": 717159,
      "classification": "progression"
    },
    "Wheat Seeds": {
      "code": 717160,
      "classification": "progression"
    },
    "Yam Seeds": {
      "code": 717161,
      "classification": "progression"
    },
    "Cactus Seeds": {
      "code": 717162,
      "classification": "progression"
    },
    "Magic Rock Candy": {
      "code": 717163,
      "classification": "useful"
    },
    "Ancient Seeds Recipe": {
      "code": 717164,
      "classification": "progression"
    },
    "Ancient Seeds": {
      "code": 717165,
      "classification": "progression"
    },
    "Traveling Merchant Metal Detector": {
      "code": 717166,
      "classification": "progression"
    },
    "Alex <3": {
      "code": 717167,
      "classification": "progression"
    },
    "Elliott <3": {
      "code": 717168,
      "classification": "progression"
    },
    "Harvey <3": {
      "code": 717169,
      "classification": "progression"
    },
    "Sam <3": {
      "code": 717170,
      "classification": "progression"
    },
    "Sebastian <3": {
      "code": 717171,
      "classification": "progression"
    },
    "Shane <3": {
      "code": 717172,
      "classification": "progression"
    },
    "Abigail <3": {
      "code": 717173,
      "classification": "progression"
    },
    "Emily <3": {
      "code": 717174,
      "classification": "progression"
    },
    "Haley <3": {
      "code": 717175,
      "classification": "progression"
    },
    "Leah <3": {
      "code": 717176,
      "classification": "progression"
    },
    "Maru <3": {
      "code": 717177,
      "classification": "progression"
    },
    "Penny <3": {
      "code": 717178,
      "classification": "progression"
    },
    "Caroline <3": {
      "code": 717179,
      "classification": "progression"
    },
    "Clint <3": {
      "code": 717180,
      "classification": "progression"
    },
    "Demetrius <3": {
      "code": 717181,
      "classification": "progression"
    },
    "Dwarf <3": {
      "code": 717182,
      "classification": "progression"
    },
    "Evelyn <3": {
      "code": 717183,
      "classification": "progression"
    },
    "George <3": {
      "code": 717184,
      "classification": "progression"
    },
    "Gus <3": {
      "code": 717185,
      "classification": "progression"
    },
    "Jas <3": {
      "code": 717186,
      "classification": "progression"
    },
    "Jodi <3": {
      "code": 717187,
      "classification": "progression"
    },
    "Kent <3": {
      "code": 717188,
      "classification": "progression"
    },
    "Krobus <3": {
      "code": 717189,
      "classification": "progression"
    },
    "Leo <3": {
      "code": 717190,
      "classification": "progression"
    },
    "Lewis <3": {
      "code": 717191,
      "classification": "progression"
    },
    "Linus <3": {
      "code": 717192,
      "classification": "progression"
    },
    "Marnie <3": {
      "code": 717193,
      "classification": "progression"
    },
    "Pam <3": {
      "code": 717194,
      "classification": "progression"
    },
    "Pierre <3": {
      "code": 717195,
      "classification": "progression"
    },
    "Robin <3": {
      "code": 717196,
      "classification": "progression"
    },
    "Sandy <3": {
      "code": 717197,
      "classification": "progression"
    },
    "Vincent <3": {
      "code": 717198,
      "classification": "progression"
    },
    "Willy <3": {
      "code": 717199,
      "classification": "progression"
    },
    "Wizard <3": {
      "code": 717200,
      "classification": "progression"
    },
    "Pet <3": {
      "code": 717201,
      "classification": "progression"
    },
    "Rarecrow #1": {
      "code": 717202,
      "classification": "progression"
    },
    "Rarecrow #2": {
      "code": 717203,
      "classification": "progression"
    },
    "Rarecrow #3": {
      "code": 717204,
      "classification": "progression"
    },
    "Rarecrow #4": {
      "code": 717205,
      "classification": "progression"
    },
    "Rarecrow #5": {
      "code": 717206,
      "classification": "progression"
    },
    "Rarecrow #6": {
      "code": 717207,
      "classification": "progression"
    },
    "Rarecrow #7": {
      "code": 717208,
      "classification": "progression"
    },
    "Rarecrow #8": {
      "code": 717209,
      "classification": "progression"
    },
    "Straw Hat": {
      "code": 717210,
      "classification": "filler"
    },
    "Golden Pumpkin": {
      "code": 717211,
      "classification": "useful"
    },
    "Barbed Hook": {
      "code": 717212,
      "classification": "useful"
    },
    "Dressed Spinner": {
      "code": 717213,
      "classification": "useful"
    },
    "Magnet": {
      "code": 717214,
      "classification": "useful"
    },
    "Sailor's Cap": {
      "code": 717215,
      "classification": "filler"
    },
    "Pearl": {
      "code": 717216,
      "classification": "useful"
    },
    "Cone Hat": {
      "code": 717217,
      "classification": "filler"
    },
    "Iridium Fireplace": {
      "code": 717218,
      "classification": "filler"
    },
    "Lupini: Red Eagle": {
      "code": 717219,
      "classification": "filler"
    },
    "Lupini: Portrait Of A Mermaid": {
      "code": 717220,
      "classification": "filler"
    },
    "Lupini: Solar Kingdom": {
      "code": 717221,
      "classification": "filler"
    },
    "Lupini: Clouds": {
      "code": 717222,
      "classification": "filler"
    },
    "Lupini: 1000 Years From Now": {
      "code": 717223,
      "classification": "filler"
    },
    "Lupini: Three Trees": {
      "code": 717224,
      "classification": "filler"
    },
    "Lupini: The Serpent": {
      "code": 717225,
      "classification": "filler"
    },
    "Lupini: 'Tropical Fish #173'": {
      "code": 717226,
      "classification": "filler"
    },
    "Lupini: Land Of Clay": {
      "code": 717227,
      "classification": "filler"
    },
    "Special Order Board": {
      "code": 717228,
      "classification": "progression"
    },
    "Solar Panel Recipe": {
      "code": 717229,
      "classification": "progression"
    },
    "Geode Crusher Recipe": {
      "code": 717230,
      "classification": "progression"
    },
    "Farm Computer Recipe": {
      "code": 717231,
      "classification": "progression"
    },
    "Bone Mill Recipe": {
      "code": 717232,
      "classification": "progression"
    },
    "Fiber Seeds Recipe": {
      "code": 717233,
      "classification": "progression"
    },
    "Stone Chest Recipe": {
      "code": 717234,
      "classification": "progression"
    },
    "Quality Bobber Recipe": {
      "code": 717235,
      "classification": "progression"
    },
    "Mini-Obelisk Recipe": {
      "code": 717236,
      "classification": "progression"
    },
    "Monster Musk Recipe": {
      "code": 717237,
      "classification": "progression"
    },
    "Sewing Machine": {
      "code": 717239,
      "classification": "useful"
    },
    "Coffee Maker": {
      "code": 717240,
      "classification": "progression"
    },
    "Mini-Fridge": {
      "code": 717241,
      "classification": "useful"
    },
    "Mini-Shipping Bin": {
      "code": 717242,
      "classification": "progression"
    },
    "Deluxe Fish Tank": {
      "code": 717243,
      "classification": "useful"
    },
    "10 Qi Gems": {
      "code": 717244,
      "classification": "progression"
    },
    "20 Qi Gems": {
      "code": 717245,
      "classification": "progression"
    },
    "25 Qi Gems": {
      "code": 717246,
      "classification": "progression"
    },
    "35 Qi Gems": {
      "code": 717247,
      "classification": "progression"
    },
    "40 Qi Gems": {
      "code": 717248,
      "classification": "progression"
    },
    "50 Qi Gems": {
      "code": 717249,
      "classification": "progression"
    },
    "100 Qi Gems": {
      "code": 717250,
      "classification": "progression"
    },
    "Rare Seed": {
      "code": 717251,
      "classification": "progression"
    },
    "Apple Sapling": {
      "code": 717252,
      "classification": "progression"
    },
    "Apricot Sapling": {
      "code": 717253,
      "classification": "progression"
    },
    "Cherry Sapling": {
      "code": 717254,
      "classification": "progression"
    },
    "Orange Sapling": {
      "code": 717255,
      "classification": "progression"
    },
    "Pomegranate Sapling": {
      "code": 717256,
      "classification": "progression"
    },
    "Peach Sapling": {
      "code": 717257,
      "classification": "progression"
    },
    "Banana Sapling": {
      "code": 717258,
      "classification": "progression"
    },
    "Mango Sapling": {
      "code": 717259,
      "classification": "progression"
    },
    "Boat Repair": {
      "code": 717260,
      "classification": "progression"
    },
    "Open Professor Snail Cave": {
      "code": 717261,
      "classification": "progression"
    },
    "Island North Turtle": {
      "code": 717262,
      "classification": "progression"
    },
    "Island West Turtle": {
      "code": 717263,
      "classification": "progression"
    },
    "Island Farmhouse": {
      "code": 717264,
      "classification": "progression"
    },
    "Island Mailbox": {
      "code": 717265,
      "classification": "progression"
    },
    "Farm Obelisk": {
      "code": 717266,
      "classification": "progression"
    },
    "Dig Site Bridge": {
      "code": 717267,
      "classification": "progression"
    },
    "Island Trader": {
      "code": 717268,
      "classification": "progression"
    },
    "Volcano Bridge": {
      "code": 717269,
      "classification": "progression"
    },
    "Volcano Exit Shortcut": {
      "code": 717270,
      "classification": "useful"
    },
    "Island Resort": {
      "code": 717271,
      "classification": "progression"
    },
    "Parrot Express": {
      "code": 717272,
      "classification": "progression"
    },
    "Qi Walnut Room": {
      "code": 717273,
      "classification": "progression"
    },
    "Pineapple Seeds": {
      "code": 717274,
      "classification": "progression"
    },
    "Taro Tuber": {
      "code": 717275,
      "classification": "progression"
    },
    "Weather Report": {
      "code": 717276,
      "classification": "useful"
    },
    "Fortune Teller": {
      "code": 717277,
      "classification": "useful"
    },
    "Livin' Off The Land": {
      "code": 717278,
      "classification": "useful"
    },
    "The Queen of Sauce": {
      "code": 717279,
      "classification": "progression"
    },
    "Fishing Information Broadcasting Service": {
      "code": 717280,
      "classification": "useful"
    },
    "Sinister Signal": {
      "code": 717281,
      "classification": "filler"
    },
    "Dark Talisman": {
      "code": 717282,
      "classification": "progression"
    },
    "Ostrich Incubator Recipe": {
      "code": 717283,
      "classification": "progression"
    },
    "Cute Baby": {
      "code": 717284,
      "classification": "progression"
    },
    "Ugly Baby": {
      "code": 717285,
      "classification": "progression"
    },
    "Deluxe Scarecrow Recipe": {
      "code": 717286,
      "classification": "progression"
    },
    "Treehouse": {
      "code": 717287,
      "classification": "progression"
    },
    "Coffee Bean": {
      "code": 717288,
      "classification": "progression"
    },
    "Progressive Weapon": {
      "code": 717289,
      "classification": "progression"
    },
    "Progressive Sword": {
      "code": 717290,
      "classification": "progression"
    },
    "Progressive Club": {
      "code": 717291,
      "classification": "progression"
    },
    "Progressive Dagger": {
      "code": 717292,
      "classification": "progression"
    },
    "Progressive Slingshot": {
      "code": 717293,
      "classification": "progression"
    },
    "Progressive Footwear": {
      "code": 717294,
      "classification": "useful"
    },
    "Small Glow Ring": {
      "code": 717295,
      "classification": "filler"
    },
    "Glow Ring": {
      "code": 717296,
      "classification": "useful"
    },
    "Small Magnet Ring": {
      "code": 717297,
      "classification": "filler"
    },
    "Magnet Ring": {
      "code": 717298,
      "classification": "useful"
    },
    "Slime Charmer Ring": {
      "code": 717299,
      "classification": "useful"
    },
    "Warrior Ring": {
      "code": 717300,
      "classification": "useful"
    },
    "Vampire Ring": {
      "code": 717301,
      "classification": "useful"
    },
    "Savage Ring": {
      "code": 717302,
      "classification": "useful"
    },
    "Ring of Yoba": {
      "code": 717303,
      "classification": "useful"
    },
    "Sturdy Ring": {
      "code": 717304,
      "classification": "useful"
    },
    "Burglar's Ring": {
      "code": 717305,
      "classification": "useful"
    },
    "Iridium Band": {
      "code": 717306,
      "classification": "useful"
    },
    "Jukebox Ring": {
      "code": 717307,
      "classification": "filler"
    },
    "Amethyst Ring": {
      "code": 717308,
      "classification": "useful"
    },
    "Topaz Ring": {
      "code": 717309,
      "classification": "useful"
    },
    "Aquamarine Ring": {
      "code": 717310,
      "classification": "useful"
    },
    "Jade Ring": {
      "code": 717311,
      "classification": "useful"
    },
    "Emerald Ring": {
      "code": 717312,
      "classification": "useful"
    },
    "Ruby Ring": {
      "code": 717313,
      "classification": "useful"
    },
    "Wedding Ring": {
      "code": 717314,
      "classification": "useful"
    },
    "Crabshell Ring": {
      "code": 717315,
      "classification": "useful"
    },
    "Napalm Ring": {
      "code": 717316,
      "classification": "useful"
    },
    "Thorns Ring": {
      "code": 717317,
      "classification": "useful"
    },
    "Lucky Ring": {
      "code": 717318,
      "classification": "useful"
    },
    "Hot Java Ring": {
      "code": 717319,
      "classification": "useful"
    },
    "Protection Ring": {
      "code": 717320,
      "classification": "useful"
    },
    "Soul Sapper Ring": {
      "code": 717321,
      "classification": "useful"
    },
    "Phoenix Ring": {
      "code": 717322,
      "classification": "useful"
    },
    "Immunity Band": {
      "code": 717323,
      "classification": "useful"
    },
    "Glowstone Ring": {
      "code": 717324,
      "classification": "useful"
    },
    "Fairy Dust Recipe": {
      "code": 717325,
      "classification": "progression"
    },
    "Heavy Tapper Recipe": {
      "code": 717326,
      "classification": "progression"
    },
    "Hyper Speed-Gro Recipe": {
      "code": 717327,
      "classification": "progression"
    },
    "Deluxe Fertilizer Recipe": {
      "code": 717328,
      "classification": "progression"
    },
    "Hopper Recipe": {
      "code": 717329,
      "classification": "progression"
    },
    "Magic Bait Recipe": {
      "code": 717330,
      "classification": "progression"
    },
    "Jack-O-Lantern Recipe": {
      "code": 717331,
      "classification": "progression"
    },
    "Tub o' Flowers Recipe": {
      "code": 717333,
      "classification": "progression"
    },
    "Moonlight Jellies Banner": {
      "code": 717335,
      "classification": "filler"
    },
    "Starport Decal": {
      "code": 717336,
      "classification": "filler"
    },
    "Golden Egg": {
      "code": 717337,
      "classification": "progression"
    },
    "Algae Soup Recipe": {
      "code": 717340,
      "classification": "progression"
    },
    "Artichoke Dip Recipe": {
      "code": 717341,
      "classification": "progression"
    },
    "Autumn's Bounty Recipe": {
      "code": 717342,
      "classification": "progression"
    },
    "Baked Fish Recipe": {
      "code": 717343,
      "classification": "progression"
    },
    "Banana Pudding Recipe": {
      "code": 717344,
      "classification": "progression"
    },
    "Bean Hotpot Recipe": {
      "code": 717345,
      "classification": "progression"
    },
    "Blackberry Cobbler Recipe": {
      "code": 717346,
      "classification": "progression"
    },
    "Blueberry Tart Recipe": {
      "code": 717347,
      "classification": "progression"
    },
    "Bread Recipe": {
      "code": 717348,
      "classification": "progression"
    },
    "Bruschetta Recipe": {
      "code": 717349,
      "classification": "progression"
    },
    "Carp Surprise Recipe": {
      "code": 717350,
      "classification": "progression"
    },
    "Cheese Cauliflower Recipe": {
      "code": 717351,
      "classification": "progression"
    },
    "Chocolate Cake Recipe": {
      "code": 717352,
      "classification": "progression"
    },
    "Chowder Recipe": {
      "code": 717353,
      "classification": "progression"
    },
    "Coleslaw Recipe": {
      "code": 717354,
      "classification": "progression"
    },
    "Complete Breakfast Recipe": {
      "code": 717355,
      "classification": "progression"
    },
    "Cookies Recipe": {
      "code": 717356,
      "classification": "progression"
    },
    "Crab Cakes Recipe": {
      "code": 717357,
      "classification": "progression"
    },
    "Cranberry Candy Recipe": {
      "code": 717358,
      "classification": "progression"
    },
    "Cranberry Sauce Recipe": {
      "code": 717359,
      "classification": "progression"
    },
    "Crispy Bass Recipe": {
      "code": 717360,
      "classification": "progression"
    },
    "Dish O' The Sea Recipe": {
      "code": 717361,
      "classification": "progression"
    },
    "Eggplant Parmesan Recipe": {
      "code": 717362,
      "classification": "progression"
    },
    "Escargot Recipe": {
      "code": 717363,
      "classification": "progression"
    },
    "Farmer's Lunch Recipe": {
      "code": 717364,
      "classification": "progression"
    },
    "Fiddlehead Risotto Recipe": {
      "code": 717365,
      "classification": "progression"
    },
    "Fish Stew Recipe": {
      "code": 717366,
      "classification": "progression"
    },
    "Fish Taco Recipe": {
      "code": 717367,
      "classification": "progression"
    },
    "Fried Calamari Recipe": {
      "code": 717368,
      "classification": "progression"
    },
    "Fried Eel Recipe": {
      "code": 717369,
      "classification": "progression"
    },
    "Fried Egg Recipe": {
      "code": 717370,
      "classification": "progression"
    },
    "Fried Mushroom Recipe": {
      "code": 717371,
      "classification": "progression"
    },
    "Fruit Salad Recipe": {
      "code": 717372,
      "classification": "progression"
    },
    "Ginger Ale Recipe": {
      "code": 717373,
      "classification": "progression"
    },
    "Glazed Yams Recipe": {
      "code": 717374,
      "classification": "progression"
    },
    "Hashbrowns Recipe": {
      "code": 717375,
      "classification": "progression"
    },
    "Ice Cream Recipe": {
      "code": 717376,
      "classification": "progression"
    },
    "Lobster Bisque Recipe": {
      "code": 717377,
      "classification": "progression"
    },
    "Lucky Lunch Recipe": {
      "code": 717378,
      "classification": "progression"
    },
    "Maki Roll Recipe": {
      "code": 717379,
      "classification": "progression"
    },
    "Mango Sticky Rice Recipe": {
      "code": 717380,
      "classification": "progression"
    },
    "Maple Bar Recipe": {
      "code": 717381,
      "classification": "progression"
    },
    "Miner's Treat Recipe": {
      "code": 717382,
      "classification": "progression"
    },
    "Omelet Recipe": {
      "code": 717383,
      "classification": "progression"
    },
    "Pale Broth Recipe": {
      "code": 717384,
      "classification": "progression"
    },
    "Pancakes Recipe": {
      "code": 717385,
      "classification": "progression"
    },
    "Parsnip Soup Recipe": {
      "code": 717386,
      "classification": "progression"
    },
    "Pepper Poppers Recipe": {
      "code": 717387,
      "classification": "progression"
    },
    "Pink Cake Recipe": {
      "code": 717388,
      "classification": "progression"
    },
    "Pizza Recipe": {
      "code": 717389,
      "classification": "progression"
    },
    "Plum Pudding Recipe": {
      "code": 717390,
      "classification": "progression"
    },
    "Poi Recipe": {
      "code": 717391,
      "classification": "progression"
    },
    "Poppyseed Muffin Recipe": {
      "code": 717392,
      "classification": "progression"
    },
    "Pumpkin Pie Recipe": {
      "code": 717393,
      "classification": "progression"
    },
    "Pumpkin Soup Recipe": {
      "code": 717394,
      "classification": "progression"
    },
    "Radish Salad Recipe": {
      "code": 717395,
      "classification": "progression"
    },
    "Red Plate Recipe": {
      "code": 717396,
      "classification": "progression"
    },
    "Rhubarb Pie Recipe": {
      "code": 717397,
      "classification": "progression"
    },
    "Rice Pudding Recipe": {
      "code": 717398,
      "classification": "progression"
    },
    "Roasted Hazelnuts Recipe": {
      "code": 717399,
      "classification": "progression"
    },
    "Roots Platter Recipe": {
      "code": 717400,
      "classification": "progression"
    },
    "Salad Recipe": {
      "code": 717401,
      "classification": "progression"
    },
    "Salmon Dinner Recipe": {
      "code": 717402,
      "classification": "progression"
    },
    "Sashimi Recipe": {
      "code": 717403,
      "classification": "progression"
    },
    "Seafoam Pudding Recipe": {
      "code": 717404,
      "classification": "progression"
    },
    "Shrimp Cocktail Recipe": {
      "code": 717405,
      "classification": "progression"
    },
    "Spaghetti Recipe": {
      "code": 717406,
      "classification": "progression"
    },
    "Spicy Eel Recipe": {
      "code": 717407,
      "classification": "progression"
    },
    "Squid Ink Ravioli Recipe": {
      "code": 717408,
      "classification": "progression"
    },
    "Stir Fry Recipe": {
      "code": 717409,
      "classification": "progression"
    },
    "Strange Bun Recipe": {
      "code": 717410,
      "classification": "progression"
    },
    "Stuffing Recipe": {
      "code": 717411,
      "classification": "progression"
    },
    "Super Meal Recipe": {
      "code": 717412,
      "classification": "progression"
    },
    "Survival Burger Recipe": {
      "code": 717413,
      "classification": "progression"
    },
    "Tom Kha Soup Recipe": {
      "code": 717414,
      "classification": "progression"
    },
    "Tortilla Recipe": {
      "code": 717415,
      "classification": "progression"
    },
    "Triple Shot Espresso Recipe": {
      "code": 717416,
      "classification": "progression"
    },
    "Tropical Curry Recipe": {
      "code": 717417,
      "classification": "progression"
    },
    "Trout Soup Recipe": {
      "code": 717418,
      "classification": "progression"
    },
    "Vegetable Medley Recipe": {
      "code": 717419,
      "classification": "progression"
    },
    "Gate Recipe": {
      "code": 717425,
      "classification": "progression"
    },
    "Wood Fence Recipe": {
      "code": 717426,
      "classification": "progression"
    },
    "Deluxe Retaining Soil Recipe": {
      "code": 717427,
      "classification": "progression"
    },
    "Grass Starter Recipe": {
      "code": 717428,
      "classification": "progression"
    },
    "Wood Floor Recipe": {
      "code": 717429,
      "classification": "progression"
    },
    "Rustic Plank Floor Recipe": {
      "code": 717430,
      "classification": "progression"
    },
    "Straw Floor Recipe": {
      "code": 717431,
      "classification": "progression"
    },
    "Weathered Floor Recipe": {
      "code": 717432,
      "classification": "progression"
    },
    "Crystal Floor Recipe": {
      "code": 717433,
      "classification": "progression"
    },
    "Stone Floor Recipe": {
      "code": 717434,
      "classification": "progression"
    },
    "Stone Walkway Floor Recipe": {
      "code": 717435,
      "classification": "progression"
    },
    "Brick Floor Recipe": {
      "code": 717436,
      "classification": "progression"
    },
    "Wood Path Recipe": {
      "code": 717437,
      "classification": "progression"
    },
    "Gravel Path Recipe": {
      "code": 717438,
      "classification": "progression"
    },
    "Cobblestone Path Recipe": {
      "code": 717439,
      "classification": "progression"
    },
    "Stepping Stone Path Recipe": {
      "code": 717440,
      "classification": "progression"
    },
    "Crystal Path Recipe": {
      "code": 717441,
      "classification": "progression"
    },
    "Wedding Ring Recipe": {
      "code": 717442,
      "classification": "progression"
    },
    "Warp Totem: Desert Recipe": {
      "code": 717443,
      "classification": "progression"
    },
    "Warp Totem: Island Recipe": {
      "code": 717444,
      "classification": "progression"
    },
    "Torch Recipe": {
      "code": 717445,
      "classification": "progression"
    },
    "Campfire Recipe": {
      "code": 717446,
      "classification": "progression"
    },
    "Wooden Brazier Recipe": {
      "code": 717447,
      "classification": "progression"
    },
    "Stone Brazier Recipe": {
      "code": 717448,
      "classification": "progression"
    },
    "Gold Brazier Recipe": {
      "code": 717449,
      "classification": "progression"
    },
    "Carved Brazier Recipe": {
      "code": 717450,
      "classification": "progression"
    },
    "Stump Brazier Recipe": {
      "code": 717451,
      "classification": "progression"
    },
    "Barrel Brazier Recipe": {
      "code": 717452,
      "classification": "progression"
    },
    "Skull Brazier Recipe": {
      "code": 717453,
      "classification": "progression"
    },
    "Marble Brazier Recipe": {
      "code": 717454,
      "classification": "progression"
    },
    "Wood Lamp-post Recipe": {
      "code": 717455,
      "classification": "progression"
    },
    "Iron Lamp-post Recipe": {
      "code": 717456,
      "classification": "progression"
    },
    "Furnace Recipe": {
      "code": 717457,
      "classification": "progression"
    },
    "Wicked Statue Recipe": {
      "code": 717458,
      "classification": "progression"
    },
    "Chest Recipe": {
      "code": 717459,
      "classification": "progression"
    },
    "Wood Sign Recipe": {
      "code": 717460,
      "classification": "progression"
    },
    "Stone Sign Recipe": {
      "code": 717461,
      "classification": "progression"
    },
    "Railroad Boulder Removed": {
      "code": 717469,
      "classification": "progression"
    },
    "Fruit Bats": {
      "code": 717470,
      "classification": "progression"
    },
    "Mushroom Boxes": {
      "code": 717471,
      "classification": "progression"
    },
    "The Gateway Gazette": {
      "code": 717475,
      "classification": "progression"
    },
    "Burnt Trap": {
      "code": 721001,
      "classification": "trap"
    },
    "Darkness Trap": {
      "code": 721002,
      "classification": "trap"
    },
    "Frozen Trap": {
      "code": 721003,
      "classification": "trap"
    },
    "Jinxed Trap": {
      "code": 721004,
      "classification": "trap"
    },
    "Nauseated Trap": {
      "code": 721005,
      "classification": "trap"
    },
    "Slimed Trap": {
      "code": 721006,
      "classification": "trap"
    },
    "Weakness Trap": {
      "code": 721007,
      "classification": "trap"
    },
    "Taxes Trap": {
      "code": 721008,
      "classification": "trap"
    },
    "Random Teleport Trap": {
      "code": 721009,
      "classification": "trap"
    },
    "The Crows Trap": {
      "code": 721010,
      "classification": "trap"
    },
    "Monsters Trap": {
      "code": 721011,
      "classification": "trap"
    },
    "Entrance Reshuffle Trap": {
      "code": 721012,
      "classification": "trap"
    },
    "Debris Trap": {
      "code": 721013,
      "classification": "trap"
    },
    "Shuffle Trap": {
      "code": 721014,
      "classification": "trap"
    },
    "Temporary Winter Trap": {
      "code": 721015,
      "classification": "trap"
    },
    "Pariah Trap": {
      "code": 721016,
      "classification": "trap"
    },
    "Drought Trap": {
      "code": 721017,
      "classification": "trap"
    },
    "Time Flies Trap": {
      "code": 721018,
      "classification": "trap"
    },
    "Babies Trap": {
      "code": 721019,
      "classification": "trap"
    },
    "Meow Trap": {
      "code": 721020,
      "classification": "trap"
    },
    "Bark Trap": {
      "code": 721021,
      "classification": "trap"
    },
    "Depression Trap": {
      "code": 721022,
      "classification": "trap"
    },
    "Benjamin Budton Trap": {
      "code": 721023,
      "classification": "trap"
    },
    "Inflation Trap": {
      "code": 721024,
      "classification": "trap"
    },
    "Bomb Trap": {
      "code": 721025,
      "classification": "trap"
    },
    "Resource Pack: 500 Money": {
      "code": 722000,
      "classification": "useful"
    },
    "Resource Pack: 1000 Money": {
      "code": 722001,
      "classification": "useful"
    },
    "Resource Pack: 1500 Money": {
      "code": 722002,
      "classification": "useful"
    },
    "Resource Pack: 2000 Money": {
      "code": 722003,
      "classification": "useful"
    },
    "Resource Pack: 25 Stone": {
      "code": 722004,
      "classification": "filler"
    },
    "Resource Pack: 50 Stone": {
      "code": 722005,
      "classification": "filler"
    },
    "Resource Pack: 75 Stone": {
      "code": 722006,
      "classification": "filler"
    },
    "Resource Pack: 100 Stone": {
      "code": 722007,
      "classification": "filler"
    },
    "Resource Pack: 25 Wood": {
      "code": 722008,
      "classification": "filler"
    },
    "Resource Pack: 50 Wood": {
      "code": 722009,
      "classification": "filler"
    },
    "Resource Pack: 75 Wood": {
      "code": 722010,
      "classification": "filler"
    },
    "Resource Pack: 100 Wood": {
      "code": 722011,
      "classification": "filler"
    },
    "Resource Pack: 5 Hardwood": {
      "code": 722012,
      "classification": "useful"
    },
    "Resource Pack: 10 Hardwood": {
      "code": 722013,
      "classification": "useful"
    },
    "Resource Pack: 15 Hardwood": {
      "code": 722014,
      "classification": "useful"
    },
    "Resource Pack: 20 Hardwood": {
      "code": 722015,
      "classification": "useful"
    },
    "Resource Pack: 15 Fiber": {
      "code": 722016,
      "classification": "filler"
    },
    "Resource Pack: 30 Fiber": {
      "code": 722017,
      "classification": "filler"
    },
    "Resource Pack: 45 Fiber": {
      "code": 722018,
      "classification": "filler"
    },
    "Resource Pack: 60 Fiber": {
      "code": 722019,
      "classification": "filler"
    },
    "Resource Pack: 5 Coal": {
      "code": 722020,
      "classification": "filler"
    },
    "Resource Pack: 10 Coal": {
      "code": 722021,
      "classification": "filler"
    },
    "Resource Pack: 15 Coal": {
      "code": 722022,
      "classification": "filler"
    },
    "Resource Pack: 20 Coal": {
      "code": 722023,
      "classification": "filler"
    },
    "Resource Pack: 5 Clay": {
      "code": 722024,
      "classification": "filler"
    },
    "Resource Pack: 10 Clay": {
      "code": 722025,
      "classification": "filler"
    },
    "Resource Pack: 15 Clay": {
      "code": 722026,
      "classification": "filler"
    },
    "Resource Pack: 20 Clay": {
      "code": 722027,
      "classification": "filler"
    },
    "Resource Pack: 1 Warp Totem: Beach": {
      "code": 722028,
      "classification": "filler"
    },
    "Resource Pack: 3 Warp Totem: Beach": {
      "code": 722029,
      "classification": "filler"
    },
    "Resource Pack: 5 Warp Totem: Beach": {
      "code": 722030,
      "classification": "filler"
    },
    "Resource Pack: 7 Warp Totem: Beach": {
      "code": 722031,
      "classification": "filler"
    },
    "Resource Pack: 9 Warp Totem: Beach": {
      "code": 722032,
      "classification": "filler"
    },
    "Resource Pack: 10 Warp Totem: Beach": {
      "code": 722033,
      "classification": "filler"
    },
    "Resource Pack: 1 Warp Totem: Desert": {
      "code": 722034,
      "classification": "filler"
    },
    "Resource Pack: 3 Warp Totem: Desert": {
      "code": 722035,
      "classification": "filler"
    },
    "Resource Pack: 5 Warp Totem: Desert": {
      "code": 722036,
      "classification": "filler"
    },
    "Resource Pack: 7 Warp Totem: Desert": {
      "code": 722037,
      "classification": "filler"
    },
    "Resource Pack: 9 Warp Totem: Desert": {
      "code": 722038,
      "classification": "filler"
    },
    "Resource Pack: 10 Warp Totem: Desert": {
      "code": 722039,
      "classification": "filler"
    },
    "Resource Pack: 1 Warp Totem: Farm": {
      "code": 722040,
      "classification": "filler"
    },
    "Resource Pack: 3 Warp Totem: Farm": {
      "code": 722041,
      "classification": "filler"
    },
    "Resource Pack: 5 Warp Totem: Farm": {
      "code": 722042,
      "classification": "filler"
    },
    "Resource Pack: 7 Warp Totem: Farm": {
      "code": 722043,
      "classification": "filler"
    },
    "Resource Pack: 9 Warp Totem: Farm": {
      "code": 722044,
      "classification": "filler"
    },
    "Resource Pack: 10 Warp Totem: Farm": {
      "code": 722045,
      "classification": "filler"
    },
    "Resource Pack: 1 Warp Totem: Island": {
      "code": 722046,
      "classification": "filler"
    },
    "Resource Pack: 3 Warp Totem: Island": {
      "code": 722047,
      "classification": "filler"
    },
    "Resource Pack: 5 Warp Totem: Island": {
      "code": 722048,
      "classification": "filler"
    },
    "Resource Pack: 7 Warp Totem: Island": {
      "code": 722049,
      "classification": "filler"
    },
    "Resource Pack: 9 Warp Totem: Island": {
      "code": 722050,
      "classification": "filler"
    },
    "Resource Pack: 10 Warp Totem: Island": {
      "code": 722051,
      "classification": "filler"
    },
    "Resource Pack: 1 Warp Totem: Mountains": {
      "code": 722052,
      "classification": "filler"
    },
    "Resource Pack: 3 Warp Totem: Mountains": {
      "code": 722053,
      "classification": "filler"
    },
    "Resource Pack: 5 Warp Totem: Mountains": {
      "code": 722054,
      "classification": "filler"
    },
    "Resource Pack: 7 Warp Totem: Mountains": {
      "code": 722055,
      "classification": "filler"
    },
    "Resource Pack: 9 Warp Totem: Mountains": {
      "code": 722056,
      "classification": "filler"
    },
    "Resource Pack: 10 Warp Totem: Mountains": {
      "code": 722057,
      "classification": "filler"
    },
    "Resource Pack: 6 Geode": {
      "code": 722058,
      "classification": "filler"
    },
    "Resource Pack: 12 Geode": {
      "code": 722059,
      "classification": "filler"
    },
    "Resource Pack: 18 Geode": {
      "code": 722060,
      "classification": "filler"
    },
    "Resource Pack: 24 Geode": {
      "code": 722061,
      "classification": "filler"
    },
    "Resource Pack: 4 Frozen Geode": {
      "code": 722062,
      "classification": "filler"
    },
    "Resource Pack: 8 Frozen Geode": {
      "code": 722063,
      "classification": "filler"
    },
    "Resource Pack: 12 Frozen Geode": {
      "code": 722064,
      "classification": "filler"
    },
    "Resource Pack: 16 Frozen Geode": {
      "code": 722065,
      "classification": "filler"
    },
    "Resource Pack: 3 Magma Geode": {
      "code": 722066,
      "classification": "filler"
    },
    "Resource Pack: 6 Magma Geode": {
      "code": 722067,
      "classification": "filler"
    },
    "Resource Pack: 9 Magma Geode": {
      "code": 722068,
      "classification": "filler"
    },
    "Resource Pack: 12 Magma Geode": {
      "code": 722069,
      "classification": "filler"
    },
    "Resource Pack: 2 Omni Geode": {
      "code": 722070,
      "classification": "useful"
    },
    "Resource Pack: 4 Omni Geode": {
      "code": 722071,
      "classification": "useful"
    },
    "Resource Pack: 6 Omni Geode": {
      "code": 722072,
      "classification": "useful"
    },
    "Resource Pack: 8 Omni Geode": {
      "code": 722073,
      "classification": "useful"
    },
    "Resource Pack: 25 Copper Ore": {
      "code": 722074,
      "classification": "filler"
    },
    "Resource Pack: 50 Copper Ore": {
      "code": 722075,
      "classification": "filler"
    },
    "Resource Pack: 75 Copper Ore": {
      "code": 722076,
      "classification": "filler"
    },
    "Resource Pack: 100 Copper Ore": {
      "code": 722077,
      "classification": "filler"
    },
    "Resource Pack: 125 Copper Ore": {
      "code": 722078,
      "classification": "filler"
    },
    "Resource Pack: 150 Copper Ore": {
      "code": 722079,
      "classification": "filler"
    },
    "Resource Pack: 25 Iron Ore": {
      "code": 722080,
      "classification": "filler"
    },
    "Resource Pack: 50 Iron Ore": {
      "code": 722081,
      "classification": "filler"
    },
    "Resource Pack: 75 Iron Ore": {
      "code": 722082,
      "classification": "filler"
    },
    "Resource Pack: 100 Iron Ore": {
      "code": 722083,
      "classification": "filler"
    },
    "Resource Pack: 12 Gold Ore": {
      "code": 722084,
      "classification": "useful"
    },
    "Resource Pack: 25 Gold Ore": {
      "code": 722085,
      "classification": "useful"
    },
    "Resource Pack: 38 Gold Ore": {
      "code": 722086,
      "classification": "useful"
    },
    "Resource Pack: 50 Gold Ore": {
      "code": 722087,
      "classification": "useful"
    },
    "Resource Pack: 5 Iridium Ore": {
      "code": 722088,
      "classification": "useful"
    },
    "Resource Pack: 10 Iridium Ore": {
      "code": 722089,
      "classification": "useful"
    },
    "Resource Pack: 15 Iridium Ore": {
      "code": 722090,
      "classification": "useful"
    },
    "Resource Pack: 20 Iridium Ore": {
      "code": 722091,
      "classification": "useful"
    },
    "Resource Pack: 5 Quartz": {
      "code": 722092,
      "classification": "filler"
    },
    "Resource Pack: 10 Quartz": {
      "code": 722093,
      "classification": "filler"
    },
    "Resource Pack: 15 Quartz": {
      "code": 722094,
      "classification": "filler"
    },
    "Resource Pack: 20 Quartz": {
      "code": 722095,
      "classification": "filler"
    },
    "Resource Pack: 10 Basic Fertilizer": {
      "code": 722096,
      "classification": "filler"
    },
    "Resource Pack: 20 Basic Fertilizer": {
      "code": 722097,
      "classification": "filler"
    },
    "Resource Pack: 30 Basic Fertilizer": {
      "code": 722098,
      "classification": "filler"
    },
    "Resource Pack: 40 Basic Fertilizer": {
      "code": 722099,
      "classification": "filler"
    },
    "Resource Pack: 50 Basic Fertilizer": {
      "code": 722100,
      "classification": "filler"
    },
    "Resource Pack: 60 Basic Fertilizer": {
      "code": 722101,
      "classification": "filler"
    },
    "Resource Pack: 10 Basic Retaining Soil": {
      "code": 722102,
      "classification": "filler"
    },
    "Resource Pack: 20 Basic Retaining Soil": {
      "code": 722103,
      "classification": "filler"
    },
    "Resource Pack: 30 Basic Retaining Soil": {
      "code": 722104,
      "classification": "filler"
    },
    "Resource Pack: 40 Basic Retaining Soil": {
      "code": 722105,
      "classification": "filler"
    },
    "Resource Pack: 50 Basic Retaining Soil": {
      "code": 722106,
      "classification": "filler"
    },
    "Resource Pack: 60 Basic Retaining Soil": {
      "code": 722107,
      "classification": "filler"
    },
    "Resource Pack: 10 Speed-Gro": {
      "code": 722108,
      "classification": "filler"
    },
    "Resource Pack: 20 Speed-Gro": {
      "code": 722109,
      "classification": "filler"
    },
    "Resource Pack: 30 Speed-Gro": {
      "code": 722110,
      "classification": "filler"
    },
    "Resource Pack: 40 Speed-Gro": {
      "code": 722111,
      "classification": "filler"
    },
    "Resource Pack: 50 Speed-Gro": {
      "code": 722112,
      "classification": "filler"
    },
    "Resource Pack: 60 Speed-Gro": {
      "code": 722113,
      "classification": "filler"
    },
    "Resource Pack: 4 Quality Fertilizer": {
      "code": 722114,
      "classification": "filler"
    },
    "Resource Pack: 12 Quality Fertilizer": {
      "code": 722115,
      "classification": "filler"
    },
    "Resource Pack: 20 Quality Fertilizer": {
      "code": 722116,
      "classification": "filler"
    },
    "Resource Pack: 28 Quality Fertilizer": {
      "code": 722117,
      "classification": "filler"
    },
    "Resource Pack: 36 Quality Fertilizer": {
      "code": 722118,
      "classification": "filler"
    },
    "Resource Pack: 40 Quality Fertilizer": {
      "code": 722119,
      "classification": "filler"
    },
    "Resource Pack: 4 Quality Retaining Soil": {
      "code": 722120,
      "classification": "filler"
    },
    "Resource Pack: 12 Quality Retaining Soil": {
      "code": 722121,
      "classification": "filler"
    },
    "Resource Pack: 20 Quality Retaining Soil": {
      "code": 722122,
      "classification": "filler"
    },
    "Resource Pack: 28 Quality Retaining Soil": {
      "code": 722123,
      "classification": "filler"
    },
    "Resource Pack: 36 Quality Retaining Soil": {
      "code": 722124,
      "classification": "filler"
    },
    "Resource Pack: 40 Quality Retaining Soil": {
      "code": 722125,
      "classification": "filler"
    },
    "Resource Pack: 4 Deluxe Speed-Gro": {
      "code": 722126,
      "classification": "filler"
    },
    "Resource Pack: 12 Deluxe Speed-Gro": {
      "code": 722127,
      "classification": "filler"
    },
    "Resource Pack: 20 Deluxe Speed-Gro": {
      "code": 722128,
      "classification": "filler"
    },
    "Resource Pack: 28 Deluxe Speed-Gro": {
      "code": 722129,
      "classification": "filler"
    },
    "Resource Pack: 36 Deluxe Speed-Gro": {
      "code": 722130,
      "classification": "filler"
    },
    "Resource Pack: 40 Deluxe Speed-Gro": {
      "code": 722131,
      "classification": "filler"
    },
    "Resource Pack: 2 Deluxe Fertilizer": {
      "code": 722132,
      "classification": "useful"
    },
    "Resource Pack: 6 Deluxe Fertilizer": {
      "code": 722133,
      "classification": "useful"
    },
    "Resource Pack: 10 Deluxe Fertilizer": {
      "code": 722134,
      "classification": "useful"
    },
    "Resource Pack: 14 Deluxe Fertilizer": {
      "code": 722135,
      "classification": "useful"
    },
    "Resource Pack: 18 Deluxe Fertilizer": {
      "code": 722136,
      "classification": "useful"
    },
    "Resource Pack: 20 Deluxe Fertilizer": {
      "code": 722137,
      "classification": "useful"
    },
    "Resource Pack: 2 Deluxe Retaining Soil": {
      "code": 722138,
      "classification": "useful"
    },
    "Resource Pack: 6 Deluxe Retaining Soil": {
      "code": 722139,
      "classification": "useful"
    },
    "Resource Pack: 10 Deluxe Retaining Soil": {
      "code": 722140,
      "classification": "useful"
    },
    "Resource Pack: 14 Deluxe Retaining Soil": {
      "code": 722141,
      "classification": "useful"
    },
    "Resource Pack: 18 Deluxe Retaining Soil": {
      "code": 722142,
      "classification": "useful"
    },
    "Resource Pack: 20 Deluxe Retaining Soil": {
      "code": 722143,
      "classification": "useful"
    },
    "Resource Pack: 2 Hyper Speed-Gro": {
      "code": 722144,
      "classification": "useful"
    },
    "Resource Pack: 6 Hyper Speed-Gro": {
      "code": 722145,
      "classification": "useful"
    },
    "Resource Pack: 10 Hyper Speed-Gro": {
      "code": 722146,
      "classification": "useful"
    },
    "Resource Pack: 14 Hyper Speed-Gro": {
      "code": 722147,
      "classification": "useful"
    },
    "Resource Pack: 18 Hyper Speed-Gro": {
      "code": 722148,
      "classification": "useful"
    },
    "Resource Pack: 20 Hyper Speed-Gro": {
      "code": 722149,
      "classification": "useful"
    },
    "Resource Pack: 2 Tree Fertilizer": {
      "code": 722150,
      "classification": "filler"
    },
    "Resource Pack: 6 Tree Fertilizer": {
      "code": 722151,
      "classification": "filler"
    },
    "Resource Pack: 10 Tree Fertilizer": {
      "code": 722152,
      "classification": "filler"
    },
    "Resource Pack: 14 Tree Fertilizer": {
      "code": 722153,
      "classification": "filler"
    },
    "Resource Pack: 18 Tree Fertilizer": {
      "code": 722154,
      "classification": "filler"
    },
    "Resource Pack: 20 Tree Fertilizer": {
      "code": 722155,
      "classification": "filler"
    },
    "Resource Pack: 10 Spring Seeds": {
      "code": 722156,
      "classification": "filler"
    },
    "Resource Pack: 20 Spring Seeds": {
      "code": 722157,
      "classification": "filler"
    },
    "Resource Pack: 30 Spring Seeds": {
      "code": 722158,
      "classification": "filler"
    },
    "Resource Pack: 40 Spring Seeds": {
      "code": 722159,
      "classification": "filler"
    },
    "Resource Pack: 50 Spring Seeds": {
      "code": 722160,
      "classification": "filler"
    },
    "Resource Pack: 60 Spring Seeds": {
      "code": 722161,
      "classification": "filler"
    },
    "Resource Pack: 10 Summer Seeds": {
      "code": 722162,
      "classification": "filler"
    },
    "Resource Pack: 20 Summer Seeds": {
      "code": 722163,
      "classification": "filler"
    },
    "Resource Pack: 30 Summer Seeds": {
      "code": 722164,
      "classification": "filler"
    },
    "Resource Pack: 40 Summer Seeds": {
      "code": 722165,
      "classification": "filler"
    },
    "Resource Pack: 50 Summer Seeds": {
      "code": 722166,
      "classification": "filler"
    },
    "Resource Pack: 60 Summer Seeds": {
      "code": 722167,
      "classification": "filler"
    },
    "Resource Pack: 10 Fall Seeds": {
      "code": 722168,
      "classification": "filler"
    },
    "Resource Pack: 20 Fall Seeds": {
      "code": 722169,
      "classification": "filler"
    },
    "Resource Pack: 30 Fall Seeds": {
      "code": 722170,
      "classification": "filler"
    },
    "Resource Pack: 40 Fall Seeds": {
      "code": 722171,
      "classification": "filler"
    },
    "Resource Pack: 50 Fall Seeds": {
      "code": 722172,
      "classification": "filler"
    },
    "Resource Pack: 60 Fall Seeds": {
      "code": 722173,
      "classification": "filler"
    },
    "Resource Pack: 10 Winter Seeds": {
      "code": 722174,
      "classification": "filler"
    },
    "Resource Pack: 20 Winter Seeds": {
      "code": 722175,
      "classification": "filler"
    },
    "Resource Pack: 30 Winter Seeds": {
      "code": 722176,
      "classification": "filler"
    },
    "Resource Pack: 40 Winter Seeds": {
      "code": 722177,
      "classification": "filler"
    },
    "Resource Pack: 50 Winter Seeds": {
      "code": 722178,
      "classification": "filler"
    },
    "Resource Pack: 60 Winter Seeds": {
      "code": 722179,
      "classification": "filler"
    },
    "Resource Pack: 1 Mahogany Seed": {
      "code": 722180,
      "classification": "filler"
    },
    "Resource Pack: 3 Mahogany Seed": {
      "code": 722181,
      "classification": "filler"
    },
    "Resource Pack: 5 Mahogany Seed": {
      "code": 722182,
      "classification": "filler"
    },
    "Resource Pack: 7 Mahogany Seed": {
      "code": 722183,
      "classification": "filler"
    },
    "Resource Pack: 9 Mahogany Seed": {
      "code": 722184,
      "classification": "filler"
    },
    "Resource Pack: 10 Mahogany Seed": {
      "code": 722185,
      "classification": "filler"
    },
    "Resource Pack: 10 Bait": {
      "code": 722186,
      "classification": "filler"
    },
    "Resource Pack: 20 Bait": {
      "code": 722187,
      "classification": "filler"
    },
    "Resource Pack: 30 Bait": {
      "code": 722188,
      "classification": "filler"
    },
    "Resource Pack: 40 Bait": {
      "code": 722189,
      "classification": "filler"
    },
    "Resource Pack: 50 Bait": {
      "code": 722190,
      "classification": "filler"
    },
    "Resource Pack: 60 Bait": {
      "code": 722191,
      "classification": "filler"
    },
    "Resource Pack: 1 Crab Pot": {
      "code": 722192,
      "classification": "filler"
    },
    "Resource Pack: 2 Crab Pot": {
      "code": 722193,
      "classification": "filler"
    },
    "Resource Pack: 3 Crab Pot": {
      "code": 722194,
      "classification": "filler"
    },
    "Resource Pack: 4 Crab Pot": {
      "code": 722195,
      "classification": "filler"
    },
    "Resource Pack: 5 Crab Pot": {
      "code": 722196,
      "classification": "filler"
    },
    "Resource Pack: 6 Crab Pot": {
      "code": 722197,
      "classification": "filler"
    },
    "Friendship Bonus (1 <3)": {
      "code": 722198,
      "classification": "useful"
    },
    "Friendship Bonus (2 <3)": {
      "code": 722199,
      "classification": "useful"
    },
    "Friendship Bonus (3 <3)": {
      "code": 722200,
      "classification": "useful"
    },
    "Friendship Bonus (4 <3)": {
      "code": 722201,
      "classification": "useful"
    },
    "15 Qi Gems": {
      "code": 722202,
      "classification": "progression"
    },
    "Solar Panel": {
      "code": 722203,
      "classification": "filler"
    },
    "Geode Crusher": {
      "code": 722204,
      "classification": "filler"
    },
    "Farm Computer": {
      "code": 722205,
      "classification": "filler"
    },
    "Bone Mill": {
      "code": 722206,
      "classification": "filler"
    },
    "Fiber Seeds": {
      "code": 722207,
      "classification": "filler"
    },
    "Chest": {
      "code": 722208,
      "classification": "filler"
    },
    "Stone Chest": {
      "code": 722209,
      "classification": "filler"
    },
    "Quality Bobber": {
      "code": 722210,
      "classification": "filler"
    },
    "Mini-Obelisk": {
      "code": 722211,
      "classification": "filler"
    },
    "Monster Musk": {
      "code": 722212,
      "classification": "filler"
    },
    "Sprinkler": {
      "code": 722213,
      "classification": "filler"
    },
    "Quality Sprinkler": {
      "code": 722214,
      "classification": "filler"
    },
    "Iridium Sprinkler": {
      "code": 722215,
      "classification": "filler"
    },
    "Scarecrow": {
      "code": 722216,
      "classification": "filler"
    },
    "Deluxe Scarecrow": {
      "code": 722217,
      "classification": "useful"
    },
    "Furnace": {
      "code": 722218,
      "classification": "filler"
    },
    "Charcoal Kiln": {
      "code": 722219,
      "classification": "filler"
    },
    "Lightning Rod": {
      "code": 722220,
      "classification": "filler"
    },
    "Resource Pack: 5000 Money": {
      "code": 722221,
      "classification": "useful"
    },
    "Resource Pack: 10000 Money": {
      "code": 722222,
      "classification": "useful"
    },
    "Junimo Chest": {
      "code": 722223,
      "classification": "filler"
    },
    "Horse Flute": {
      "code": 722224,
      "classification": "useful"
    },
    "Pierre's Missing Stocklist": {
      "code": 722225,
      "classification": "useful"
    },
    "Hopper": {
      "code": 722226,
      "classification": "filler"
    },
    "Enricher": {
      "code": 722227,
      "classification": "filler"
    },
    "Pressure Nozzle": {
      "code": 722228,
      "classification": "filler"
    },
    "Deconstructor": {
      "code": 722229,
      "classification": "filler"
    },
    "Key To The Town": {
      "code": 722230,
      "classification": "useful"
    },
    "Galaxy Soul": {
      "code": 722231,
      "classification": "filler"
    },
    "Mushroom Tree Seed": {
      "code": 722232,
      "classification": "filler"
    },
    "Resource Pack: 20 Magic Bait": {
      "code": 722233,
      "classification": "filler"
    },
    "Resource Pack: 10 Qi Seasoning": {
      "code": 722234,
      "classification": "filler"
    },
    "Mr. Qi's Hat": {
      "code": 722235,
      "classification": "filler"
    },
    "Aquatic Sanctuary": {
      "code": 722236,
      "classification": "filler"
    },
    "Exotic Double Bed": {
      "code": 722242,
      "classification": "filler"
    },
    "Resource Pack: 2 Qi Gem": {
      "code": 722243,
      "classification": "filler"
    },
    "Golden Walnut": {
      "code": 722245,
      "classification": "filler"
    },
    "Fairy Dust": {
      "code": 722247,
      "classification": "useful"
    },
    "Seed Maker": {
      "code": 722248,
      "classification": "useful"
    },
    "Keg": {
      "code": 722249,
      "classification": "useful"
    },
    "Cask": {
      "code": 722250,
      "classification": "useful"
    },
    "Preserves Jar": {
      "code": 722251,
      "classification": "useful"
    },
    "Bee House": {
      "code": 722252,
      "classification": "useful"
    },
    "Garden Pot": {
      "code": 722253,
      "classification": "useful"
    },
    "Cheese Press": {
      "code": 722254,
      "classification": "useful"
    },
    "Mayonnaise Machine": {
      "code": 722255,
      "classification": "useful"
    },
    "Loom": {
      "code": 722256,
      "classification": "useful"
    },
    "Oil Maker": {
      "code": 722257,
      "classification": "useful"
    },
    "Recycling Machine": {
      "code": 722258,
      "classification": "useful"
    },
    "Worm Bin": {
      "code": 722259,
      "classification": "useful"
    },
    "Tapper": {
      "code": 722260,
      "classification": "useful"
    },
    "Heavy Tapper": {
      "code": 722261,
      "classification": "useful"
    },
    "Slime Incubator": {
      "code": 722262,
      "classification": "useful"
    },
    "Slime Egg-Press": {
      "code": 722263,
      "classification": "useful"
    },
    "Crystalarium": {
      "code": 722264,
      "classification": "useful"
    },
    "Ostrich Incubator": {
      "code": 722265,
      "classification": "useful"
    },
    "Resource Pack: 5 Staircase": {
      "code": 722266,
      "classification": "filler"
    },
    "Auto-Petter": {
      "code": 722267,
      "classification": "useful"
    },
    "Auto-Grabber": {
      "code": 722268,
      "classification": "useful"
    },
    "Luck Level": {
      "code": 727001,
      "classification": "progression"
    },
    "Magic Level": {
      "code": 727002,
      "classification": "progression"
    },
    "Socializing Level": {
      "code": 727003,
      "classification": "progression"
    },
    "Archaeology Level": {
      "code": 727004,
      "classification": "progression"
    },
    "Cooking Level": {
      "code": 727005,
      "classification": "progression"
    },
    "Binning Level": {
      "code": 727006,
      "classification": "progression"
    },
    "Tractor Garage": {
      "code": 727007,
      "classification": "useful"
    },
    "Woods Obelisk": {
      "code": 727008,
      "classification": "progression"
    },
    "Spell: Clear Debris": {
      "code": 727009,
      "classification": "progression"
    },
    "Spell: Till": {
      "code": 727010,
      "classification": "progression"
    },
    "Spell: Water": {
      "code": 727011,
      "classification": "progression"
    },
    "Spell: Blink": {
      "code": 727012,
      "classification": "progression"
    },
    "Spell: Evac": {
      "code": 727013,
      "classification": "progression"
    },
    "Spell: Haste": {
      "code": 727014,
      "classification": "progression"
    },
    "Spell: Heal": {
      "code": 727015,
      "classification": "progression"
    },
    "Spell: Buff": {
      "code": 727016,
      "classification": "progression"
    },
    "Spell: Shockwave": {
      "code": 727017,
      "classification": "progression"
    },
    "Spell: Fireball": {
      "code": 727018,
      "classification": "progression"
    },
    "Spell: Frostbolt": {
      "code": 727019,
      "classification": "progression"
    },
    "Spell: Teleport": {
      "code": 727020,
      "classification": "progression"
    },
    "Spell: Lantern": {
      "code": 727021,
      "classification": "progression"
    },
    "Spell: Tendrils": {
      "code": 727022,
      "classification": "progression"
    },
    "Spell: Photosynthesis": {
      "code": 727023,
      "classification": "progression"
    },
    "Spell: Descend": {
      "code": 727024,
      "classification": "progression"
    },
    "Spell: Meteor": {
      "code": 727025,
      "classification": "progression"
    },
    "Spell: Bloodmana": {
      "code": 727026,
      "classification": "progression"
    },
    "Spell: Lucksteal": {
      "code": 727027,
      "classification": "progression"
    },
    "Spell: Spirit": {
      "code": 727028,
      "classification": "progression"
    },
    "Spell: Rewind": {
      "code": 727029,
      "classification": "progression"
    },
    "Pendant of Community": {
      "code": 727030,
      "classification": "progression"
    },
    "Pendant of Elders": {
      "code": 727031,
      "classification": "progression"
    },
    "Pendant of Depths": {
      "code": 727032,
      "classification": "progression"
    },
    "Juna <3": {
      "code": 727101,
      "classification": "progression"
    },
    "Jasper <3": {
      "code": 727102,
      "classification": "progression"
    },
    "Alec <3": {
      "code": 727103,
      "classification": "progression"
    },
    "Yoba <3": {
      "code": 727104,
      "classification": "progression"
    },
    "Eugene <3": {
      "code": 727105,
      "classification": "progression"
    },
    "Wellwick <3": {
      "code": 727106,
      "classification": "progression"
    },
    "Mr. Ginger <3": {
      "code": 727107,
      "classification": "progression"
    },
    "Shiko <3": {
      "code": 727108,
      "classification": "progression"
    },
    "Delores <3": {
      "code": 727109,
      "classification": "progression"
    },
    "Ayeisha <3": {
      "code": 727110,
      "classification": "progression"
    },
    "Riley <3": {
      "code": 727111,
      "classification": "progression"
    },
    "Claire <3": {
      "code": 727112,
      "classification": "progression"
    },
    "Lance <3": {
      "code": 727113,
      "classification": "progression"
    },
    "Olivia <3": {
      "code": 727114,
      "classification": "progression"
    },
    "Sophia <3": {
      "code": 727115,
      "classification": "progression"
    },
    "Victor <3": {
      "code": 727116,
      "classification": "progression"
    },
    "Andy <3": {
      "code": 727117,
      "classification": "progression"
    },
    "Apples <3": {
      "code": 727118,
      "classification": "progression"
    },
    "Gunther <3": {
      "code": 727119,
      "classification": "progression"
    },
    "Martin <3": {
      "code": 727120,
      "classification": "progression"
    },
    "Marlon <3": {
      "code": 727121,
      "classification": "progression"
    },
    "Morgan <3": {
      "code": 727122,
      "classification": "progression"
    },
    "Scarlett <3": {
      "code": 727123,
      "classification": "progression"
    },
    "Susan <3": {
      "code": 727124,
      "classification": "progression"
    },
    "Morris <3": {
      "code": 727125,
      "classification": "progression"
    },
    "Alecto <3": {
      "code": 727126,
      "classification": "progression"
    },
    "Zic <3": {
      "code": 727127,
      "classification": "progression"
    },
    "Lacey <3": {
      "code": 727128,
      "classification": "progression"
    },
    "Gregory <3": {
      "code": 727129,
      "classification": "progression"
    },
    "Sheila <3": {
      "code": 727130,
      "classification": "progression"
    },
    "Joel <3": {
      "code": 727131,
      "classification": "progression"
    },
    "Progressive Woods Obelisk Sigils": {
      "code": 727301,
      "classification": "progression"
    },
    "Progressive Skull Cavern Elevator": {
      "code": 727302,
      "classification": "progression"
    },
    "Baked Berry Oatmeal Recipe": {
      "code": 727401,
      "classification": "progression"
    },
    "Big Bark Burger Recipe": {
      "code": 727402,
      "classification": "progression"
    },
    "Flower Cookie Recipe": {
      "code": 727403,
      "classification": "progression"
    },
    "Frog Legs Recipe": {
      "code": 727404,
      "classification": "progression"
    },
    "Glazed Butterfish Recipe": {
      "code": 727405,
      "classification": "progression"
    },
    "Mixed Berry Pie Recipe": {
      "code": 727406,
      "classification": "progression"
    },
    "Mushroom Berry Rice Recipe": {
      "code": 727407,
      "classification": "progression"
    },
    "Seaweed Salad Recipe": {
      "code": 727408,
      "classification": "progression"
    },
    "Void Delight Recipe": {
      "code": 727409,
      "classification": "progression"
    },
    "Void Salmon Sushi Recipe": {
      "code": 727410,
      "classification": "progression"
    },
    "Mushroom Kebab Recipe": {
      "code": 727411,
      "classification": "progression"
    },
    "Crayfish Soup Recipe": {
      "code": 727412,
      "classification": "progression"
    },
    "Pemmican Recipe": {
      "code": 727413,
      "classification": "progression"
    },
    "Void Mint Tea Recipe": {
      "code": 727414,
      "classification": "progression"
    },
    "Ginger Tincture Recipe": {
      "code": 727415,
      "classification": "progression"
    },
    "Special Pumpkin Soup Recipe": {
      "code": 727416,
      "classification": "progression"
    },
    "Void Mint Seeds": {
      "code": 727450,
      "classification": "progression"
    },
    "Vile Ancient Fruit Seeds": {
      "code": 727451,
      "classification": "progression"
    },
    "Marlon's Boat Paddle": {
      "code": 727501,
      "classification": "progression"
    },
    "Diamond Wand": {
      "code": 727502,
      "classification": "filler"
    },
    "Iridium Bomb": {
      "code": 727503,
      "classification": "progression"
    },
    "Void Spirit Peace Agreement": {
      "code": 727504,
      "classification": "useful"
    },
    "Kittyfish Spell": {
      "code": 727505,
      "classification": "progression"
    },
    "Nexus: Adventurer's Guild Runes": {
      "code": 727506,
      "classification": "progression"
    },
    "Nexus: Junimo Woods Runes": {
      "code": 727507,
      "classification": "progression"
    },
    "Nexus: Aurora Vineyard Runes": {
      "code": 727508,
      "classification": "progression"
    },
    "Nexus: Sprite Spring Runes": {
      "code": 727509,
      "classification": "progression"
    },
    "Nexus: Outpost Runes": {
      "code": 727510,
      "classification": "progression"
    },
    "Nexus: Farm Runes": {
      "code": 727511,
      "classification": "progression"
    },
    "Nexus: Wizard Runes": {
      "code": 727512,
      "classification": "progression"
    },
    "Fable Reef Portal": {
      "code": 727513,
      "classification": "progression"
    },
    "Tempered Galaxy Sword": {
      "code": 727514,
      "classification": "filler"
    },
    "Tempered Galaxy Dagger": {
      "code": 727515,
      "classification": "filler"
    },
    "Tempered Galaxy Hammer": {
      "code": 727516,
      "classification": "filler"
    },
    "Grandpa's Shed": {
      "code": 727517,
      "classification": "progression"
    },
    "Aurora Vineyard Tablet": {
      "code": 727518,
      "classification": "progression"
    },
    "Scarlett's Job Offer": {
      "code": 727519,
      "classification": "progression"
    },
    "Morgan's Schooling": {
      "code": 727520,
      "classification": "progression"
    },
    "Magic Elixir Recipe": {
      "code": 727601,
      "classification": "progression"
    },
    "Travel Core Recipe": {
      "code": 727602,
      "classification": "progression"
    },
    "Haste Elixir Recipe": {
      "code": 727603,
      "classification": "progression"
    },
    "Hero Elixir Recipe": {
      "code": 727604,
      "classification": "progression"
    },
    "Armor Elixir Recipe": {
      "code": 727605,
      "classification": "progression"
    },
    "Neanderthal Skeleton Recipe": {
      "code": 727606,
      "classification": "progression"
    },
    "Pterodactyl Skeleton L Recipe": {
      "code": 727607,
      "classification": "progression"
    },
    "Pterodactyl Skeleton M Recipe": {
      "code": 727608,
      "classification": "progression"
    },
    "Pterodactyl Skeleton R Recipe": {
      "code": 727609,
      "classification": "progression"
    },
    "T-Rex Skeleton L Recipe": {
      "code": 727610,
      "classification": "progression"
    },
    "T-Rex Skeleton M Recipe": {
      "code": 727611,
      "classification": "progression"
    },
    "T-Rex Skeleton R Recipe": {
      "code": 727612,
      "classification": "progression"
    },
    "Resource Pack: 3 Magic Elixir": {
      "code": 727701,
      "classification": "filler"
    },
    "Resource Pack: 3 Travel Core": {
      "code": 727702,
      "classification": "filler"
    },
    "Preservation Chamber": {
      "code": 727703,
      "classification": "filler"
    },
    "Hardwood Preservation Chamber": {
      "code": 727704,
      "classification": "filler"
    },
    "Resource Pack: 3 Water Shifter": {
      "code": 727705,
      "classification": "filler"
    },
    "Resource Pack: 5 Hardwood Display": {
      "code": 727706,
      "classification": "filler"
    },
    "Resource Pack: 5 Wooden Display": {
      "code": 727707,
      "classification": "filler"
    },
    "Grinder": {
      "code": 727708,
      "classification": "filler"
    },
    "Ancient Battery Production Station": {
      "code": 727709,
      "classification": "filler"
    },
    "Hero Elixir": {
      "code": 727710,
      "classification": "filler"
    },
    "Aegis Elixir": {
      "code": 727711,
      "classification": "filler"
    },
    "Haste Elixir": {
      "code": 727712,
      "classification": "filler"
    },
    "Lightning Elixir": {
      "code": 727713,
      "classification": "filler"
    },
    "Armor Elixir": {
      "code": 727714,
      "classification": "filler"
    },
    "Gravity Elixir": {
      "code": 727715,
      "classification": "filler"
    },
    "Barbarian Elixir": {
      "code": 727716,
      "classification": "filler"
    }
  }
}
